{"cameraMode":{"drawMode":0,"name":"Shaded","section":"Shading Mode"},"sceneLighting":true,"audioPlay":false,"sceneViewState":{"showFog":true,"showMaterialUpdate":true,"showSkybox":true,"showFlares":true,"showImageEffects":true,"showParticleSystems":true},"in2DMode":false,"pivot":{"x":-34.22819900512695,"y":-1.6759806871414185,"z":28.403411865234376},"rotation":{"x":0.031011734157800676,"y":-0.43820542097091677,"z":0.01512935385107994,"w":0.8982123732566834},"size":47.04439926147461,"orthographic":false}