{"cameraMode":{"drawMode":0,"name":"Shaded","section":"Shading Mode"},"sceneLighting":false,"audioPlay":false,"sceneViewState":{"showFog":true,"showMaterialUpdate":true,"showSkybox":true,"showFlares":true,"showImageEffects":true,"showParticleSystems":true},"in2DMode":false,"pivot":{"x":-2.612894058227539,"y":-1.3255797624588013,"z":1.3140441179275513},"rotation":{"x":0.24019649624824525,"y":-0.7040842175483704,"z":0.2783767879009247,"w":0.6075174808502197},"size":2.048128366470337,"orthographic":false}